7654.00000000,-5.14207172,5.74560308,6.54834366,179163.56148697,0.00000000
7655.00000000,-5.14198446,5.74566126,6.54812908,179163.56453331,5.00000000
7656.00000000,-5.14192057,5.74562788,6.54798651,179163.56852687,0.00000000
7657.00000000,-5.14192772,5.74559927,6.54779243,179163.57251469,0.00000000
7658.00000000,-5.14186525,5.74561453,6.54763365,179163.57652124,0.00000000
7659.00000000,-5.14179993,5.74564409,6.54746532,179163.58053985,0.00000000
7660.00000000,-5.14171219,5.74566889,6.54732370,179163.58554826,0.00000000
7661.00000000,-5.14166451,5.74567604,6.54722071,179163.58951556,0.00000000
7662.00000000,-5.14156246,5.74570894,6.54713058,179163.59349976,0.00000000
7663.00000000,-5.14136982,5.74578142,6.54709482,179163.59751174,0.00000000
7664.00000000,-5.14112902,5.74583769,6.54709768,179163.60151043,0.00000000
7665.00000000,-5.14079094,5.74589872,6.54715443,179163.60555199,0.00000000
7666.00000000,-5.14040422,5.74594784,6.54722691,179163.61052296,0.00000000
7667.00000000,-5.14002323,5.74594975,6.54734802,179163.61452226,0.00000000
7668.00000000,-5.13968992,5.74588680,6.54749298,179163.61852035,0.00000000
7669.00000000,-5.13932323,5.74578667,6.54764175,179163.62251451,0.00000000
7670.00000000,-5.13892555,5.74567652,6.54780054,179163.62651592,0.00000000
7671.00000000,-5.13858080,5.74557114,6.54791880,179163.63054752,0.00000000
7672.00000000,-5.13828897,5.74544096,6.54805279,179163.63551487,0.00000000
7673.00000000,-5.13809347,5.74529362,6.54812098,179163.63952745,0.00000000
7674.00000000,-5.13788462,5.74523830,6.54813719,179163.64352403,0.00000000
7675.00000000,-5.13776970,5.74522400,6.54808950,179163.64753480,0.00000000
7676.00000000,-5.13772202,5.74519873,6.54802704,179163.65151176,0.00000000
7677.00000000,-5.13781166,5.74513483,6.54793024,179163.65556177,0.00000000
7678.00000000,-5.13789892,5.74516678,6.54780102,179163.66052882,0.00000000
7679.00000000,-5.13789272,5.74532223,6.54765511,179163.66452298,0.00000000
7680.00000000,-5.13788223,5.74565172,6.54747105,179163.66852288,0.00000000
7681.00000000,-5.13781929,5.74616861,6.54726171,179163.67252278,0.00000000
7682.00000000,-5.13770723,5.74698019,6.54694605,179163.67652329,0.00000000
7683.00000000,-5.13750029,5.74809074,6.54657173,179163.68052742,0.00000000
7684.00000000,-5.13725185,5.74928427,6.54621553,179163.68552948,0.00000000
7685.00000000,-5.13700914,5.75057030,6.54581785,179163.68951278,0.00000000
7686.00000000,-5.13674307,5.75186110,6.54543209,179163.69351479,0.00000000
7687.00000000,-5.13649273,5.75314665,6.54505062,179163.69752466,0.00000000
7688.00000000,-5.13636541,5.75436544,6.54466581,179163.70152546,0.00000000
7689.00000000,-5.13625002,5.75552464,6.54431057,179163.70556249,0.00000000
7690.00000000,-5.13611603,5.75660658,6.54400969,179163.71052501,0.00000000
7691.00000000,-5.13597202,5.75753212,6.54375935,179163.71452220,0.00000000
7692.00000000,-5.13578272,5.75829506,6.54357576,179163.71852391,0.00000000
7693.00000000,-5.13558674,5.75891304,6.54347038,179163.72252049,0.00000000
7694.00000000,-5.13549519,5.75937986,6.54338360,179163.72652160,0.00000000
7695.00000000,-5.13533449,5.75973511,6.54333925,179163.73056466,0.00000000
7696.00000000,-5.13522959,5.75997829,6.54331446,179163.73552568,0.00000000
7697.00000000,-5.13519430,5.76010418,6.54329491,179163.73952528,0.00000000
7698.00000000,-5.13517761,5.76010466,6.54333687,179163.74352699,0.00000000
7699.00000000,-5.13516426,5.76001453,6.54338884,179163.74752568,0.00000000
7700.00000000,-5.13516903,5.75987196,6.54345655,179163.75152588,0.00000000
7701.00000000,-5.13517141,5.75966549,6.54353285,179163.75556473,0.00000000
7702.00000000,-5.13515043,5.75943947,6.54359007,179163.76052876,0.00000000
7703.00000000,-5.13507271,5.75925970,6.54362154,179163.76452202,0.00000000
7704.00000000,-5.13499594,5.75905180,6.54366541,179163.76853309,0.00000000
7705.00000000,-5.13495493,5.75887442,6.54365730,179163.77253329,0.00000000
7706.00000000,-5.13489628,5.75872231,6.54362869,179163.77651900,0.00000000
7707.00000000,-5.13479137,5.75866461,6.54358292,179163.78053611,0.00000000
7708.00000000,-5.13472652,5.75861692,6.54351616,179163.78553485,0.00000000
7709.00000000,-5.13471270,5.75855684,6.54341793,179163.78953415,0.00000000
7710.00000000,-5.13470364,5.75848579,6.54332781,179163.79354673,0.00000000
7711.00000000,-5.13478422,5.75839138,6.54319620,179163.79751946,0.00000000
7712.00000000,-5.13497353,5.75831223,6.54302406,179163.80153536,0.00000000
7713.00000000,-5.13529062,5.75829029,6.54277229,179163.80556575,0.00000000
7714.00000000,-5.13570404,5.75845909,6.54240847,179163.81057295,0.00000000
7715.00000000,-5.13624191,5.75877285,6.54196596,179163.81452365,0.00000000
7716.00000000,-5.13692379,5.75913286,6.54149485,179163.81852264,0.00000000
7717.00000000,-5.13771391,5.75959444,6.54094076,179163.82253009,0.00000000
7718.00000000,-5.13846207,5.76000404,6.54048491,179163.82652335,0.00000000
7719.00000000,-5.13928032,5.76036167,6.54002571,179163.83054166,0.00000000
7720.00000000,-5.14002943,5.76064873,6.53965998,179163.83553135,0.00000000
7721.00000000,-5.14085197,5.76087046,6.53924799,179163.83953608,0.00000000
7722.00000000,-5.14163399,5.76097965,6.53891945,179163.84353055,0.00000000
7723.00000000,-5.14231110,5.76105881,6.53860044,179163.84753106,0.00000000
7724.00000000,-5.14286900,5.76103497,6.53841925,179163.85152703,0.00000000
7725.00000000,-5.14331818,5.76098776,6.53820562,179163.85557523,0.00000000
7726.00000000,-5.14362335,5.76084089,6.53809547,179163.86054560,0.00000000
7727.00000000,-5.14369965,5.76064444,6.53802919,179163.86452467,0.00000000
7728.00000000,-5.14357281,5.76040077,6.53807020,179163.86852518,0.00000000
7729.00000000,-5.14320040,5.76014996,6.53818417,179163.87252568,0.00000000
7730.00000000,-5.14270306,5.75995779,6.53827715,179163.87652528,0.00000000
7731.00000000,-5.14204216,5.75977945,6.53843117,179163.88050798,0.00000000
7732.00000000,-5.14118099,5.75965405,6.53863907,179163.88549193,0.00000000
7733.00000000,-5.14007378,5.75970268,6.53884506,179163.88947130,0.00000000
7734.00000000,-5.13910151,5.75972843,6.53896093,179163.89348781,0.00000000
7735.00000000,-5.13778400,5.75975275,6.53911304,179163.89747292,0.00000000
7736.00000000,-5.13629961,5.75994587,6.53915262,179163.90147131,0.00000000
7737.00000000,-5.13482046,5.76024342,6.53915787,179163.90647126,0.00000000
7738.00000000,-5.13347435,5.76060438,6.53906822,179163.91047448,0.00000000
7739.00000000,-5.13225508,5.76093102,6.53894854,179163.91447348,0.00000000
7740.00000000,-5.13137436,5.76115131,6.53880453,179163.91848998,0.00000000
7741.00000000,-5.13062382,5.76137352,6.53862715,179163.92248898,0.00000000
7742.00000000,-5.12958717,5.76161242,6.53846645,179163.92647439,0.00000000
7743.00000000,-5.12843132,5.76191425,6.53832626,179163.93148430,0.00000000
7744.00000000,-5.12748432,5.76212168,6.53823709,179163.93549054,0.00000000
7745.00000000,-5.12664795,5.76220989,6.53813791,179163.93947354,0.00000000
7746.00000000,-5.12593555,5.76223755,6.53805447,179163.94348883,0.00000000
7747.00000000,-5.12487745,5.76244259,6.53801203,179163.94747575,0.00000000
7748.00000000,-5.12368155,5.76247549,6.53802538,179163.95147354,0.00000000
7749.00000000,-5.12262821,5.76224852,6.53810072,179163.95550182,0.00000000
7750.00000000,-5.12191486,5.76167583,6.53828001,179163.96047460,0.00000000
7751.00000000,-5.12142944,5.76087856,6.53852367,179163.96449080,0.00000000
7752.00000000,-5.12088633,5.76005220,6.53873253,179163.96847380,0.00000000
7753.00000000,-5.12021399,5.75913954,6.53897667,179163.97247370,0.00000000
7754.00000000,-5.11966753,5.75810242,6.53923512,179163.97651043,0.00000000
7755.00000000,-5.11921453,5.75696468,6.53948641,179163.98047290,0.00000000
7756.00000000,-5.11864948,5.75578308,6.53975153,179163.98553775,0.00000000
7757.00000000,-5.11802101,5.75459957,6.54005575,179163.98952860,0.00000000
7758.00000000,-5.11746168,5.75332880,6.54039669,179163.99354389,0.00000000
7759.00000000,-5.11699104,5.75198603,6.54075718,179163.99752961,0.00000000
7760.00000000,-5.11640739,5.75060272,6.54119158,179164.00152981,0.00000000
7761.00000000,-5.11582327,5.74915314,6.54165888,179164.00556563,0.00000000
7762.00000000,-5.11529207,5.74769449,6.54216051,179164.01051276,0.00000000
7763.00000000,-5.11474705,5.74625063,6.54273272,179164.01449998,0.00000000
7764.00000000,-5.11419535,5.74484348,6.54335403,179164.01850924,0.00000000
7765.00000000,-5.11358452,5.74348640,6.54402351,179164.02250491,0.00000000
7766.00000000,-5.11291838,5.74227953,6.54470491,179164.02650995,0.00000000
7767.00000000,-5.11214590,5.74123621,6.54543495,179164.03047121,0.00000000
7768.00000000,-5.11124229,5.74034357,6.54624081,179164.03551071,0.00000000
7769.00000000,-5.11023331,5.73959970,6.54709911,179164.03951000,0.00000000
7770.00000000,-5.10919189,5.73896837,6.54796124,179164.04350568,0.00000000
7771.00000000,-5.10807133,5.73849106,6.54881954,179164.04754150,0.00000000
7772.00000000,-5.10698843,5.73806906,6.54960585,179164.05154472,0.00000000
7773.00000000,-5.10578251,5.73772335,6.55035877,179164.05556545,0.00000000
7774.00000000,-5.10452032,5.73741198,6.55107594,179164.06056691,0.00000000
7775.00000000,-5.10318804,5.73716736,6.55175209,179164.06454689,0.00000000
7776.00000000,-5.10179758,5.73698568,6.55239058,179164.06854015,0.00000000
7777.00000000,-5.10038185,5.73687696,6.55302477,179164.07254307,0.00000000
7778.00000000,-5.09886789,5.73678970,6.55376148,179164.07654267,0.00000000
7779.00000000,-5.09738398,5.73668528,6.55456638,179164.08050333,0.00000000
7780.00000000,-5.09610081,5.73637819,6.55549622,179164.08554282,0.00000000
7781.00000000,-5.09484768,5.73590136,6.55662060,179164.08954272,0.00000000
7782.00000000,-5.09379005,5.73524809,6.55779839,179164.09355410,0.00000000
7783.00000000,-5.09279013,5.73439360,6.55919600,179164.09754011,0.00000000
7784.00000000,-5.09168243,5.73325968,6.56076527,179164.10151496,0.00000000
7785.00000000,-5.09047890,5.73189402,6.56259155,179164.10553116,0.00000000
7786.00000000,-5.08939934,5.73046970,6.56466341,179164.11050817,0.00000000
7787.00000000,-5.08817959,5.72881794,6.56708622,179164.11450807,0.00000000
7788.00000000,-5.08666277,5.72705317,6.56983709,179164.11854419,0.00000000
7789.00000000,-5.08532190,5.72513103,6.57305288,179164.12254440,0.00000000
7790.00000000,-5.08435059,5.72288370,6.57664013,179164.12654490,0.00000000
7791.00000000,-5.08337975,5.72012377,6.58052635,179164.13051160,0.00000000
7792.00000000,-5.08265877,5.71687078,6.58459520,179164.13554536,0.00000000
7793.00000000,-5.08204079,5.71301889,6.58882332,179164.13954586,0.00000000
7794.00000000,-5.08125114,5.70883083,6.59308863,179164.14355693,0.00000000
7795.00000000,-5.08006811,5.70436144,6.59755564,179164.14754657,0.00000000
7796.00000000,-5.07870150,5.69959641,6.60216045,179164.15154647,0.00000000
7797.00000000,-5.07751608,5.69437504,6.60702085,179164.15557988,0.00000000
7798.00000000,-5.07628250,5.68892431,6.61209393,179164.16056444,0.00000000
7799.00000000,-5.07503271,5.68323278,6.61773586,179164.16458094,0.00000000
7800.00000000,-5.07374477,5.67715931,6.62388372,179164.16854220,0.00000000
7801.00000000,-5.07180452,5.67125225,6.63041973,179164.17254150,0.00000000
7802.00000000,-5.06927586,5.66556501,6.63757324,179164.17654653,0.00000000
7803.00000000,-5.06672192,5.65946293,6.64516401,179164.18051987,0.00000000
7804.00000000,-5.06439877,5.65289879,6.65339518,179164.18554488,0.00000000
7805.00000000,-5.06175232,5.64621258,6.66239834,179164.18953693,0.00000000
7806.00000000,-5.05864382,5.63952351,6.67232275,179164.19353834,0.00000000
7807.00000000,-5.05521202,5.63286877,6.68360424,179164.19753945,0.00000000
7808.00000000,-5.05161047,5.62612581,6.69609070,179164.20153090,0.00000000
7809.00000000,-5.04808664,5.61896658,6.70958757,179164.20555404,0.00000000
7810.00000000,-5.04441023,5.61137962,6.72416925,179164.21053196,0.00000000
7811.00000000,-5.04074860,5.60306978,6.73963118,179164.21454333,0.00000000
7812.00000000,-5.03759956,5.59335899,6.75490189,179164.21854715,0.00000000
7813.00000000,-5.03513098,5.58101892,6.76860285,179164.22254886,0.00000000
7814.00000000,-5.03313780,5.56640577,6.78208542,179164.22654997,0.00000000
7815.00000000,-5.02962017,5.54992056,6.79364872,179164.23056014,0.00000000
7816.00000000,-5.02708578,5.52350044,6.78701544,179164.23555103,0.00000000
7817.00000000,-5.03314352,5.48790598,6.77909327,179164.23955003,0.00000000
7818.00000000,-5.03716707,5.45078897,6.78133726,179164.24356381,0.00000000
7819.00000000,-5.03629541,5.41788626,6.79291344,179164.24754953,0.00000000
7820.00000000,-5.03905582,5.38274002,6.80443335,179164.25154973,0.00000000
7821.00000000,-5.04624748,5.34220791,6.81339931,179164.25558404,0.00000000
7822.00000000,-5.05249214,5.29899025,6.82233143,179164.26056619,0.00000000
7823.00000000,-5.05623770,5.25556803,6.83312273,179164.26454737,0.00000000
7824.00000000,-5.05918646,5.21198416,6.84604645,179164.26858229,0.00000000
7825.00000000,-5.06313944,5.16694546,6.86055279,179164.27254355,0.00000000
7826.00000000,-5.06881094,5.11954546,6.87607098,179164.27660956,0.00000000
7827.00000000,-5.07577896,5.06980181,6.89256477,179164.28056871,0.00000000
7828.00000000,-5.08331871,5.01823950,6.91004992,179164.28555146,0.00000000
7829.00000000,-5.09132671,4.96498251,6.92840910,179164.28955226,0.00000000
7830.00000000,-5.09933710,4.91028214,6.94752407,179164.29355971,0.00000000
7831.00000000,-5.10740042,4.85386419,6.96710443,179164.29755237,0.00000000
7832.00000000,-5.11562443,4.79559660,6.98679781,179164.30155287,0.00000000
7833.00000000,-5.12378788,4.73553705,7.00650740,179164.30556605,0.00000000
7834.00000000,-5.13142776,4.67397213,7.02608681,179164.31059227,0.00000000
7835.00000000,-5.13805914,4.61124945,7.04525995,179164.31456892,0.00000000
7836.00000000,-5.14371681,4.54727459,7.06362867,179164.31854709,0.00000000
7837.00000000,-5.14853287,4.48180342,7.08087683,179164.32255333,0.00000000
7838.00000000,-5.15259886,4.41468859,7.09691811,179164.32655293,0.00000000
7839.00000000,-5.15607977,4.34570694,7.11186504,179164.33052385,0.00000000
7840.00000000,-5.15962076,4.27438164,7.12574863,179164.33552652,0.00000000
7841.00000000,-5.16376543,4.20018673,7.13870239,179164.33954423,0.00000000
7842.00000000,-5.16894960,4.12272882,7.15079308,179164.34355168,0.00000000
7843.00000000,-5.17515564,4.04193068,7.16190100,179164.34754434,0.00000000
7844.00000000,-5.18204308,3.95817232,7.17204666,179164.35154484,0.00000000
7845.00000000,-5.18922567,3.87188649,7.18141794,179164.35557795,0.00000000
7846.00000000,-5.19660091,3.78332353,7.18995953,179164.36056009,0.00000000
7847.00000000,-5.20409632,3.69264078,7.19774199,179164.36454520,0.00000000
7848.00000000,-5.21162367,3.60013771,7.20475626,179164.36852759,0.00000000
7849.00000000,-5.21901941,3.50592995,7.21116352,179164.37252810,0.00000000
7850.00000000,-5.22635317,3.41020036,7.21718073,179164.37652890,0.00000000
7851.00000000,-5.23408079,3.31277180,7.22319555,179164.38056382,0.00000000
7852.00000000,-5.24249840,3.21370745,7.22946215,179164.38552906,0.00000000
7853.00000000,-5.25165987,3.11317253,7.23622656,179164.38954616,0.00000000
7854.00000000,-5.26127577,3.01164865,7.24375820,179164.39355090,0.00000000
7855.00000000,-5.27108288,2.90960073,7.25209284,179164.39754717,0.00000000
7856.00000000,-5.28063297,2.80735135,7.26102686,179164.40154889,0.00000000
7857.00000000,-5.28959417,2.70494127,7.27015877,179164.40555784,0.00000000
7858.00000000,-5.29777575,2.60243344,7.27903700,179164.41056293,0.00000000
7859.00000000,-5.30481482,2.49988747,7.28739882,179164.41454743,0.00000000
7860.00000000,-5.31034040,2.39741373,7.29510021,179164.41854884,0.00000000
7861.00000000,-5.31440973,2.29499602,7.30212307,179164.42254874,0.00000000
7862.00000000,-5.31706285,2.19273424,7.30849886,179164.42654895,0.00000000
7863.00000000,-5.31862164,2.09041452,7.31438255,179164.43053345,0.00000000
7864.00000000,-5.31944227,1.98803318,7.32004118,179164.43555755,0.00000000
7865.00000000,-5.31986189,1.88569725,7.32558060,179164.43955927,0.00000000
7866.00000000,-5.31979895,1.78365839,7.33101940,179164.44356973,0.00000000
7867.00000000,-5.31916142,1.68208385,7.33605862,179164.44755937,0.00000000
7868.00000000,-5.31780148,1.58089542,7.34033966,179164.45155806,0.00000000
7869.00000000,-5.31551170,1.47986352,7.34359026,179164.45559902,0.00000000
7870.00000000,-5.31240320,1.37869835,7.34543800,179164.46059806,0.00000000
7871.00000000,-5.30840492,1.27709961,7.34582233,179164.46457442,0.00000000
7872.00000000,-5.30366182,1.17495549,7.34510565,179164.46854896,0.00000000
7873.00000000,-5.29858685,1.07216406,7.34372377,179164.47256003,0.00000000
7874.00000000,-5.29326344,0.96885580,7.34227228,179164.47656054,0.00000000
7875.00000000,-5.28785419,0.86519289,7.34126282,179164.48057040,0.00000000
7876.00000000,-5.28245211,0.76162678,7.34003782,179164.48656074,0.00000000
7877.00000000,-5.28225374,0.62285721,7.33898592,179164.48956059,0.00000000
7878.00000000,-5.27384663,0.54930937,7.34157562,179164.49356261,0.00000000
7879.00000000,-5.26891375,0.44522589,7.34422779,179164.49756190,0.00000000
7880.00000000,-5.26465797,0.34080821,7.34711742,179164.50156120,0.00000000
7881.00000000,-5.26064348,0.23541021,7.35060644,179164.50557257,0.00000000
7882.00000000,-5.25693703,0.12965940,7.35472822,179164.51060814,0.00000000
7883.00000000,-5.25351429,0.02355230,7.35959578,179164.51457454,0.00000000
7884.00000000,-5.25037098,-0.08265434,7.36503363,179164.51856055,0.00000000
7885.00000000,-5.24721909,-0.18879494,7.37099218,179164.52256619,0.00000000
7886.00000000,-5.24389172,-0.29477623,7.37731886,179164.52654013,0.00000000
7887.00000000,-5.24026775,-0.40053031,7.38383389,179164.53057203,0.00000000
7888.00000000,-5.23624182,-0.50606400,7.39034653,179164.53553214,0.00000000
7889.00000000,-5.23184967,-0.61103302,7.39680958,179164.53953355,0.00000000
7890.00000000,-5.22671604,-0.71526772,7.40310717,179164.54355397,0.00000000
7891.00000000,-5.22108221,-0.81901288,7.40902853,179164.54755538,0.00000000
7892.00000000,-5.21500301,-0.92255622,7.41427231,179164.55155257,0.00000000
7893.00000000,-5.20816612,-1.02582598,7.41864681,179164.55557390,0.00000000
7894.00000000,-5.20045042,-1.12857842,7.42246294,179164.56056148,0.00000000
7895.00000000,-5.19231462,-1.23074651,7.42632151,179164.56453693,0.00000000
7896.00000000,-5.18416929,-1.33244133,7.43066883,179164.56853472,0.00000000
7897.00000000,-5.17656565,-1.43386269,7.43573904,179164.57253462,0.00000000
7898.00000000,-5.16974401,-1.53519475,7.44154739,179164.57653573,0.00000000
7899.00000000,-5.16364336,-1.63624811,7.44822598,179164.58055736,0.00000000
7900.00000000,-5.15819740,-1.73682737,7.45600605,179164.58553588,0.00000000
7901.00000000,-5.15358734,-1.83715463,7.46501827,179164.58953548,0.00000000
7902.00000000,-5.15007162,-1.93741488,7.47531223,179164.59353598,0.00000000
7903.00000000,-5.14782429,-2.03776550,7.48669291,179164.59753558,0.00000000
7904.00000000,-5.14654350,-2.13818741,7.49885750,179164.60153639,0.00000000
7905.00000000,-5.14565992,-2.23858142,7.51148319,179164.60559183,0.00000000
7906.00000000,-5.14487553,-2.33879542,7.52424288,179164.61057699,0.00000000
7907.00000000,-5.14409304,-2.43908143,7.53689384,179164.61454490,0.00000000
7908.00000000,-5.14326000,-2.53932405,7.54921865,179164.61853695,0.00000000
7909.00000000,-5.14201880,-2.63924384,7.56138706,179164.62253806,0.00000000
7910.00000000,-5.14005661,-2.73833060,7.57341814,179164.62653736,0.00000000
7911.00000000,-5.13702393,-2.83659101,7.58501720,179164.63057529,0.00000000
7912.00000000,-5.13286161,-2.93394732,7.59601688,179164.63555230,0.00000000
7913.00000000,-5.12749052,-3.03032160,7.60647058,179164.63955250,0.00000000
7914.00000000,-5.12087059,-3.12533855,7.61669064,179164.64356538,0.00000000
7915.00000000,-5.11316347,-3.21918011,7.62652302,179164.64754174,0.00000000
7916.00000000,-5.10445595,-3.31212878,7.63560963,179164.65155492,0.00000000
7917.00000000,-5.09464979,-3.40416145,7.64369059,179164.65556780,0.00000000
7918.00000000,-5.08345461,-3.49530196,7.65014982,179164.66057500,0.00000000
7919.00000000,-5.07043171,-3.58530807,7.65465641,179164.66454924,0.00000000
7920.00000000,-5.05597258,-3.67385817,7.65769863,179164.66855488,0.00000000
7921.00000000,-5.04061747,-3.76095986,7.66011620,179164.67255538,0.00000000
7922.00000000,-5.02521133,-3.84685016,7.66235685,179164.67654502,0.00000000
7923.00000000,-5.01018524,-3.93177462,7.66471910,179164.68058266,0.00000000
7924.00000000,-4.99601126,-4.01585579,7.66728830,179164.68558895,0.00000000
7925.00000000,-4.98272943,-4.09940386,7.66994810,179164.68954930,0.00000000
7926.00000000,-4.97020864,-4.18236542,7.67257595,179164.69357154,0.00000000
7927.00000000,-4.95822525,-4.26460886,7.67509174,179164.69754096,0.00000000
7928.00000000,-4.94671679,-4.34598637,7.67763090,179164.70155806,0.00000000
7929.00000000,-4.93555546,-4.42648935,7.68012094,179164.70556883,0.00000000
7930.00000000,-4.92459440,-4.50642681,7.68227339,179164.71058448,0.00000000
7931.00000000,-4.91402054,-4.58584261,7.68388653,179164.71455027,0.00000000
7932.00000000,-4.90370464,-4.66495609,7.68484306,179164.71856707,0.00000000
7933.00000000,-4.89359856,-4.74363422,7.68512917,179164.72255852,0.00000000
7934.00000000,-4.88349009,-4.82157946,7.68474245,179164.72655933,0.00000000
7935.00000000,-4.87308979,-4.89861727,7.68375540,179164.73057191,0.00000000
7936.00000000,-4.86227179,-4.97426271,7.68235493,179164.73554198,0.00000000
7937.00000000,-4.85084677,-5.04841042,7.68063164,179164.73954278,0.00000000
7938.00000000,-4.83902884,-5.12120295,7.67857504,179164.74357076,0.00000000
7939.00000000,-4.82719421,-5.19288778,7.67621422,179164.74755164,0.00000000
7940.00000000,-4.81541061,-5.26358414,7.67386341,179164.75155909,0.00000000
7941.00000000,-4.80385399,-5.33342123,7.67140818,179164.75556986,0.00000000
7942.00000000,-4.79240322,-5.40251303,7.66880655,179164.76058701,0.00000000
7943.00000000,-4.78117418,-5.47066545,7.66603804,179164.76455281,0.00000000
7944.00000000,-4.77007961,-5.53781223,7.66320086,179164.76856055,0.00000000
7945.00000000,-4.75914907,-5.60368299,7.66067076,179164.77256136,0.00000000
7946.00000000,-4.74852324,-5.66824102,7.65869379,179164.77656126,0.00000000
7947.00000000,-4.73847675,-5.73126268,7.65730286,179164.78056992,0.00000000
7948.00000000,-4.72884464,-5.79270601,7.65644455,179164.78558134,0.00000000
7949.00000000,-4.71955776,-5.85290241,7.65595531,179164.78956222,0.00000000
7950.00000000,-4.71102858,-5.91222095,7.65551090,179164.79355337,0.00000000
7951.00000000,-4.70334339,-5.97081804,7.65521622,179164.79757168,0.00000000
7952.00000000,-4.69650126,-6.02872038,7.65519953,179164.80156223,0.00000000
7953.00000000,-4.69064474,-6.08599663,7.65546989,179164.80557873,0.00000000
7954.00000000,-4.68581820,-6.14269400,7.65588665,179164.81058804,0.00000000
7955.00000000,-4.68170214,-6.19900322,7.65620041,179164.81455655,0.00000000
7956.00000000,-4.67799473,-6.25469112,7.65618992,179164.81854739,0.00000000
7957.00000000,-4.67447090,-6.30945587,7.65566540,179164.82254669,0.00000000
7958.00000000,-4.67074871,-6.36343193,7.65453863,179164.82654750,0.00000000
7959.00000000,-4.66686726,-6.41650724,7.65270281,179164.83057638,0.00000000
7960.00000000,-4.66255140,-6.46870136,7.65021276,179164.83554735,0.00000000
7961.00000000,-4.65801716,-6.52005911,7.64674330,179164.83954725,0.00000000
7962.00000000,-4.65277433,-6.57036400,7.64212704,179164.84356677,0.00000000
7963.00000000,-4.64634371,-6.61923218,7.63614702,179164.84754766,0.00000000
7964.00000000,-4.63833046,-6.66644859,7.62868023,179164.85154846,0.00000000
7965.00000000,-4.62880707,-6.71176481,7.61976099,179164.85557734,0.00000000
7966.00000000,-4.61792803,-6.75514698,7.60960007,179164.86058786,0.00000000
7967.00000000,-4.60583591,-6.79678917,7.59816599,179164.86456573,0.00000000
7968.00000000,-4.59247828,-6.83662319,7.58550549,179164.86855265,0.00000000
7969.00000000,-4.57780600,-6.87474108,7.57167101,179164.87254832,0.00000000
7970.00000000,-4.56209087,-6.91136408,7.55676413,179164.87654913,0.00000000
7971.00000000,-4.54575300,-6.94668150,7.54103756,179164.88058072,0.00000000
7972.00000000,-4.52929497,-6.98111200,7.52489424,179164.88557645,0.00000000
7973.00000000,-4.51388407,-7.01495934,7.50907373,179164.88956337,0.00000000
7974.00000000,-4.49992657,-7.04841185,7.49415970,179164.89357323,0.00000000
7975.00000000,-4.48775721,-7.08173275,7.48002672,179164.89756468,0.00000000
7976.00000000,-4.47716808,-7.11514521,7.46644878,179164.90154798,0.00000000
7977.00000000,-4.46785021,-7.14868069,7.45301914,179164.90557746,0.00000000
7978.00000000,-4.45959806,-7.18220043,7.43954611,179164.91057530,0.00000000
7979.00000000,-4.45224380,-7.21545649,7.42599821,179164.91454924,0.00000000
7980.00000000,-4.44548702,-7.24855518,7.41215181,179164.91856695,0.00000000
7981.00000000,-4.43929815,-7.28139067,7.39814663,179164.92256806,0.00000000
7982.00000000,-4.43363810,-7.31416321,7.38387871,179164.92657430,0.00000000
7983.00000000,-4.42862940,-7.34678507,7.36951971,179164.93058266,0.00000000
7984.00000000,-4.42417860,-7.37919235,7.35504103,179164.93556782,0.00000000
7985.00000000,-4.41997004,-7.41126966,7.34040213,179164.93957043,0.00000000
7986.00000000,-4.41565228,-7.44271040,7.32542944,179164.94357396,0.00000000
7987.00000000,-4.41065598,-7.47315741,7.31000662,179164.94756722,0.00000000
7988.00000000,-4.40486574,-7.50248289,7.29402685,179164.95156712,0.00000000
7989.00000000,-4.39837217,-7.53070545,7.27752829,179164.95558302,0.00000000
7990.00000000,-4.39141560,-7.55788994,7.26057911,179164.96060380,0.00000000
7991.00000000,-4.38388872,-7.58366156,7.24352598,179164.96456778,0.00000000
7992.00000000,-4.37586164,-7.60807848,7.22608280,179164.96856738,0.00000000
7993.00000000,-4.36719942,-7.63145828,7.20807457,179164.97256909,0.00000000
7994.00000000,-4.35819530,-7.65400982,7.18931913,179164.97657140,0.00000000
7995.00000000,-4.34892035,-7.67584896,7.16987228,179164.98060934,0.00000000
7996.00000000,-4.33950853,-7.69699383,7.14982128,179164.98556703,0.00000000
7997.00000000,-4.33013153,-7.71784687,7.12908220,179164.98957025,0.00000000
7998.00000000,-4.32098579,-7.73852015,7.10773182,179164.99357468,0.00000000
7999.00000000,-4.31204891,-7.75928259,7.08567047,179164.99755285,0.00000000
8000.00000000,-4.30320120,-7.78005695,7.06319809,179165.00155184,0.00000000
8001.00000000,-4.29464340,-7.80115557,7.04023838,179165.00558706,0.00000000
8002.00000000,-4.28659344,-7.82273102,7.01706696,179165.01059667,0.00000000
8003.00000000,-4.27928925,-7.84466124,6.99398279,179165.01457846,0.00000000
8004.00000000,-4.27271795,-7.86713600,6.97085714,179165.01856297,0.00000000
8005.00000000,-4.26677704,-7.89002991,6.94779301,179165.02257042,0.00000000
8006.00000000,-4.26120853,-7.91369247,6.92446661,179165.02655523,0.00000000
8007.00000000,-4.25618267,-7.93782616,6.90108919,179165.03055422,0.00000000
8008.00000000,-4.25129652,-7.95948648,6.88174200,179165.03555508,0.00000000
8009.00000000,-4.24727058,-7.97691488,6.86794806,179165.03955588,0.00000000
8010.00000000,-4.24505186,-7.99289179,6.85672903,179165.04357420,0.00000000
8011.00000000,-4.24330664,-8.00765800,6.84718513,179165.04757984,0.00000000
8012.00000000,-4.24054623,-8.02007294,6.83970308,179165.05157974,0.00000000
8013.00000000,-4.23702621,-8.03030300,6.83416033,179165.05556364,0.00000000
8014.00000000,-4.23378944,-8.03993511,6.82980061,179165.06060585,0.00000000
8015.00000000,-4.23091793,-8.04948616,6.82620573,179165.06458130,0.00000000
8016.00000000,-4.22817993,-8.05855274,6.82324600,179165.06856490,0.00000000
8017.00000000,-4.22537851,-8.06715012,6.82065487,179165.07257265,0.00000000
8018.00000000,-4.22282553,-8.07532787,6.81845713,179165.07657195,0.00000000
8019.00000000,-4.22065592,-8.08306885,6.81665373,179165.08056430,0.00000000
8020.00000000,-4.21868801,-8.09036636,6.81518698,179165.08557452,0.00000000
8021.00000000,-4.21688890,-8.09716129,6.81381607,179165.08957351,0.00000000
8022.00000000,-4.21515942,-8.10357189,6.81238556,179165.09357251,0.00000000
8023.00000000,-4.21350813,-8.10961246,6.81080008,179165.09757331,0.00000000
8024.00000000,-4.21195078,-8.11526489,6.80893946,179165.10155661,0.00000000
8025.00000000,-4.21044540,-8.12051105,6.80684280,179165.10558006,0.00000000
8026.00000000,-4.20890903,-8.12534142,6.80448723,179165.11062559,0.00000000
8027.00000000,-4.20735264,-8.12987137,6.80193472,179165.11458323,0.00000000
8028.00000000,-4.20607853,-8.13405323,6.79928303,179165.11857589,0.00000000
8029.00000000,-4.20501423,-8.13791370,6.79674435,179165.12255798,0.00000000
8030.00000000,-4.20394135,-8.14159203,6.79430532,179165.12655879,0.00000000
8031.00000000,-4.20300007,-8.14492226,6.79197979,179165.13059068,0.00000000
8032.00000000,-4.20201349,-8.14821243,6.78979540,179165.13556045,0.00000000
8033.00000000,-4.20107269,-8.15144920,6.78787088,179165.13955884,0.00000000
8034.00000000,-4.20027494,-8.15447140,6.78625917,179165.14356025,0.00000000
8035.00000000,-4.19957685,-8.15731812,6.78489208,179165.14756166,0.00000000
8036.00000000,-4.19882584,-8.15989113,6.78377676,179165.15156096,0.00000000
8037.00000000,-4.19823885,-8.16206932,6.78284931,179165.15558652,0.00000000
8038.00000000,-4.19771528,-8.16403675,6.78206444,179165.16058526,0.00000000
8039.00000000,-4.19737339,-8.16576862,6.78147221,179165.16456464,0.00000000
8040.00000000,-4.19718313,-8.16745281,6.78100967,179165.16857812,0.00000000
8041.00000000,-4.19724989,-8.16914558,6.78076220,179165.17257682,0.00000000
8042.00000000,-4.19771385,-8.17078018,6.78059912,179165.17657853,0.00000000
8043.00000000,-4.19837236,-8.17222309,6.78060484,179165.18059262,0.00000000
8044.00000000,-4.19935226,-8.17344761,6.78056765,179165.18558623,0.00000000
8045.00000000,-4.20040178,-8.17442608,6.78054190,179165.18957889,0.00000000
8046.00000000,-4.20167351,-8.17508888,6.78045750,179165.19358090,0.00000000
8047.00000000,-4.20302486,-8.17550468,6.78030396,179165.19758835,0.00000000
8048.00000000,-4.20430946,-8.17561626,6.78007460,179165.20156199,0.00000000
8049.00000000,-4.20542049,-8.17544937,6.77970648,179165.20556219,0.00000000
8050.00000000,-4.20656872,-8.17494392,6.77927732,179165.21058780,0.00000000
8051.00000000,-4.20767069,-8.17426300,6.77868652,179165.21457955,0.00000000
8052.00000000,-4.20873070,-8.17338371,6.77795029,179165.21856285,0.00000000
8053.00000000,-4.20975256,-8.17221165,6.77703333,179165.22256245,0.00000000
8054.00000000,-4.21076775,-8.17071533,6.77603626,179165.22656356,0.00000000
8055.00000000,-4.21175003,-8.16912937,6.77485466,179165.23056316,0.00000000
8056.00000000,-4.21269894,-8.16742516,6.77360392,179165.23556281,0.00000000
8057.00000000,-4.21352577,-8.16566563,6.77234459,179165.23956361,0.00000000
8058.00000000,-4.21421957,-8.16404629,6.77108383,179165.24356563,0.00000000
8059.00000000,-4.21496201,-8.16265011,6.77001333,179165.24758122,0.00000000
8060.00000000,-4.21569443,-8.16149426,6.76905966,179165.25158143,0.00000000
8061.00000000,-4.21641445,-8.16059399,6.76827574,179165.25558887,0.00000000
8062.00000000,-4.21718502,-8.15999317,6.76767588,179165.25960206,0.00000000
8063.00000000,-4.21791315,-8.15969849,6.76734304,179165.26459175,0.00000000
8064.00000000,-4.21868467,-8.15968037,6.76719332,179165.26858259,0.00000000
8065.00000000,-4.21931362,-8.15992165,6.76722622,179165.27258189,0.00000000
8066.00000000,-4.21985579,-8.16035843,6.76738787,179165.27658239,0.00000000
8067.00000000,-4.22032785,-8.16089725,6.76762533,179165.28057445,0.00000000
8068.00000000,-4.22070265,-8.16143513,6.76789379,179165.28460332,0.00000000
8069.00000000,-4.22095823,-8.16201687,6.76814461,179165.28958335,0.00000000
8070.00000000,-4.22127295,-8.16253471,6.76837063,179165.29356544,0.00000000
8071.00000000,-4.22158766,-8.16310501,6.76849318,179165.29756595,0.00000000
8072.00000000,-4.22201157,-8.16360855,6.76851559,179165.30156706,0.00000000
8073.00000000,-4.22263050,-8.16408730,6.76839781,179165.30556666,0.00000000
8074.00000000,-4.22332048,-8.16437435,6.76813221,179165.30960338,0.00000000
8075.00000000,-4.22403383,-8.16443157,6.76773548,179165.31458462,0.00000000
8076.00000000,-4.22495222,-8.16435623,6.76709414,179165.31856701,0.00000000
8077.00000000,-4.22595835,-8.16410732,6.76636410,179165.32256873,0.00000000
8078.00000000,-4.22700024,-8.16360283,6.76553631,179165.32656682,0.00000000
8079.00000000,-4.22795916,-8.16288757,6.76463413,179165.33058996,0.00000000
8080.00000000,-4.22891951,-8.16196251,6.76365280,179165.33556788,0.00000000
8081.00000000,-4.22972202,-8.16095734,6.76271152,179165.33956778,0.00000000
8082.00000000,-4.23060274,-8.15978050,6.76182604,179165.34356949,0.00000000
8083.00000000,-4.23135519,-8.15853214,6.76110983,179165.34756909,0.00000000
8084.00000000,-4.23195791,-8.15723801,6.76044607,179165.35156748,0.00000000
8085.00000000,-4.23238182,-8.15597343,6.75984907,179165.35558761,0.00000000
8086.00000000,-4.23259163,-8.15470600,6.75938034,179165.35960773,0.00000000
8087.00000000,-4.23268127,-8.15351963,6.75902748,179165.36458716,0.00000000
8088.00000000,-4.23254395,-8.15257835,6.75872040,179165.36856834,0.00000000
8089.00000000,-4.23236704,-8.15173721,6.75854301,179165.37256915,0.00000000
8090.00000000,-4.23203468,-8.15109921,6.75839472,179165.37656875,0.00000000
8091.00000000,-4.23154783,-8.15055847,6.75834560,179165.38059008,0.00000000
8092.00000000,-4.23090982,-8.15021992,6.75830603,179165.38460658,0.00000000
8093.00000000,-4.23017979,-8.15009022,6.75835466,179165.38957062,0.00000000
8094.00000000,-4.22939491,-8.15015697,6.75841141,179165.39357112,0.00000000
8095.00000000,-4.22859287,-8.15037060,6.75844097,179165.39757102,0.00000000
8096.00000000,-4.22776175,-8.15068913,6.75845814,179165.40158903,0.00000000
8097.00000000,-4.22687435,-8.15110397,6.75849152,179165.40557927,0.00000000
8098.00000000,-4.22590637,-8.15159512,6.75856686,179165.40961842,0.00000000
8099.00000000,-4.22491264,-8.15215969,6.75870991,179165.41457068,0.00000000
8100.00000000,-4.22388220,-8.15277576,6.75879717,179165.41858959,0.00000000
8101.00000000,-4.22281694,-8.15329933,6.75890160,179165.42258829,0.00000000
8102.00000000,-4.22177219,-8.15369606,6.75903702,179165.42657189,0.00000000
8103.00000000,-4.22083902,-8.15402603,6.75919199,179165.43057119,0.00000000
8104.00000000,-4.22001982,-8.15429688,6.75935316,179165.43557204,0.00000000
8105.00000000,-4.21933985,-8.15452385,6.75950813,179165.43957255,0.00000000
8106.00000000,-4.21869993,-8.15453529,6.75977612,179165.44357335,0.00000000
8107.00000000,-4.21790695,-8.15430069,6.76000690,179165.44757416,0.00000000
8108.00000000,-4.21736813,-8.15403652,6.76023960,179165.45157346,0.00000000
8109.00000000,-4.21686649,-8.15389919,6.76026487,179165.45557366,0.00000000
8110.00000000,-4.21634007,-8.15356636,6.76036644,179165.46060470,0.00000000
8111.00000000,-4.21584940,-8.15329361,6.76037836,179165.46459012,0.00000000
8112.00000000,-4.21553898,-8.15299320,6.76018381,179165.46858247,0.00000000
8113.00000000,-4.21514225,-8.15274906,6.75995922,179165.47257392,0.00000000
8114.00000000,-4.21498251,-8.15265083,6.75965118,179165.47657473,0.00000000
8115.00000000,-4.21488762,-8.15263939,6.75934172,179165.48059515,0.00000000
8116.00000000,-4.21480227,-8.15261650,6.75902224,179165.48657493,0.00000000
8117.00000000,-4.21497822,-8.15222645,6.75889111,179165.48957478,0.00000000
8118.00000000,-4.21523380,-8.15213394,6.75853205,179165.49359249,0.00000000
8119.00000000,-4.21559525,-8.15208340,6.75813246,179165.49758394,0.00000000
8120.00000000,-4.21605730,-8.15201092,6.75773859,179165.50159199,0.00000000
8121.00000000,-4.21653223,-8.15199757,6.75736046,179165.50559582,0.00000000
8122.00000000,-4.21721077,-8.15211678,6.75688839,179165.50962349,0.00000000
8123.00000000,-4.21800756,-8.15234184,6.75646210,179165.51458601,0.00000000
8124.00000000,-4.21895456,-8.15257072,6.75610447,179165.51859346,0.00000000
8125.00000000,-4.21983910,-8.15293503,6.75568819,179165.52259517,0.00000000
8126.00000000,-4.22071457,-8.15328407,6.75534439,179165.52658783,0.00000000
8127.00000000,-4.22140265,-8.15371037,6.75509739,179165.53057565,0.00000000
8128.00000000,-4.22204256,-8.15418148,6.75485134,179165.53557651,0.00000000
8129.00000000,-4.22268677,-8.15444660,6.75472116,179165.53957762,0.00000000
8130.00000000,-4.22312641,-8.15469074,6.75446749,179165.54359623,0.00000000
8131.00000000,-4.22332191,-8.15482521,6.75427246,179165.54760217,0.00000000
8132.00000000,-4.22348118,-8.15491486,6.75397968,179165.55159423,0.00000000
8133.00000000,-4.22346497,-8.15493870,6.75382471,179165.55559624,0.00000000
8134.00000000,-4.22345591,-8.15493107,6.75368595,179165.55962542,0.00000000
8135.00000000,-4.22331524,-8.15497303,6.75353718,179165.56460545,0.00000000
8136.00000000,-4.22324800,-8.15503120,6.75344563,179165.56858120,0.00000000
8137.00000000,-4.22319031,-8.15511513,6.75335455,179165.57259620,0.00000000
8138.00000000,-4.22308111,-8.15518188,6.75325394,179165.57659549,0.00000000
8139.00000000,-4.22296095,-8.15516472,6.75319862,179165.58058664,0.00000000
8140.00000000,-4.22284174,-8.15511036,6.75315285,179165.58462578,0.00000000
8141.00000000,-4.22272301,-8.15500259,6.75310040,179165.58959555,0.00000000
8142.00000000,-4.22254848,-8.15487766,6.75302124,179165.59359696,0.00000000
8143.00000000,-4.22252035,-8.15466499,6.75290394,179165.59758841,0.00000000
8144.00000000,-4.22257710,-8.15442467,6.75274658,179165.60157955,0.00000000
8145.00000000,-4.22276449,-8.15408421,6.75256395,179165.60559787,0.00000000
8146.00000000,-4.22297907,-8.15377522,6.75232553,179165.60962735,0.00000000
8147.00000000,-4.22341824,-8.15349102,6.75207520,179165.61458806,0.00000000
8148.00000000,-4.22392035,-8.15325928,6.75189400,179165.61858102,0.00000000
8149.00000000,-4.22462940,-8.15304375,6.75169754,179165.62258092,0.00000000
8150.00000000,-4.22536039,-8.15288258,6.75150013,179165.62658082,0.00000000
8151.00000000,-4.22614384,-8.15273476,6.75132847,179165.63058072,0.00000000
8152.00000000,-4.22693825,-8.15267563,6.75110817,179165.63463013,0.00000000
8153.00000000,-4.22762394,-8.15262318,6.75097847,179165.63959990,0.00000000
8154.00000000,-4.22827530,-8.15264320,6.75091457,179165.64359919,0.00000000
8155.00000000,-4.22893429,-8.15273857,6.75082064,179165.64758551,0.00000000
8156.00000000,-4.22947311,-8.15284729,6.75079679,179165.65159749,0.00000000
8157.00000000,-4.22995281,-8.15299606,6.75083828,179165.65559859,0.00000000
8158.00000000,-4.23034382,-8.15326214,6.75088692,179165.65961329,0.00000000
8159.00000000,-4.23069954,-8.15346813,6.75103235,179165.66458275,0.00000000
8160.00000000,-4.23092318,-8.15377426,6.75117397,179165.66858507,0.00000000
8161.00000000,-4.23118830,-8.15408039,6.75137806,179165.67258346,0.00000000
8162.00000000,-4.23137856,-8.15440750,6.75163364,179165.67658185,0.00000000
8163.00000000,-4.23162222,-8.15470600,6.75188017,179165.68060439,0.00000000
8164.00000000,-4.23174143,-8.15497971,6.75216484,179165.68463206,0.00000000
8165.00000000,-4.23196363,-8.15524006,6.75239944,179165.68959820,0.00000000
8166.00000000,-4.23222733,-8.15549374,6.75258875,179165.69358482,0.00000000
8167.00000000,-4.23254061,-8.15566444,6.75282478,179165.69761310,0.00000000
8168.00000000,-4.23299456,-8.15582180,6.75296879,179165.70159338,0.00000000
8169.00000000,-4.23342609,-8.15593147,6.75309610,179165.70560053,0.00000000
8170.00000000,-4.23385811,-8.15596581,6.75313616,179165.70963152,0.00000000
8171.00000000,-4.23435783,-8.15581417,6.75320721,179165.71459585,0.00000000
8172.00000000,-4.23483276,-8.15566540,6.75311852,179165.71858790,0.00000000
8173.00000000,-4.23536730,-8.15536690,6.75308800,179165.72258599,0.00000000
8174.00000000,-4.23581839,-8.15506172,6.75294542,179165.72658650,0.00000000
8175.00000000,-4.23620033,-8.15465736,6.75276136,179165.73058821,0.00000000
8176.00000000,-4.23655510,-8.15417004,6.75256538,179165.73460622,0.00000000
8177.00000000,-4.23692656,-8.15371037,6.75229740,179165.73958655,0.00000000
8178.00000000,-4.23727894,-8.15328407,6.75197315,179165.74358706,0.00000000
8179.00000000,-4.23768330,-8.15287113,6.75159073,179165.74758666,0.00000000
8180.00000000,-4.23804474,-8.15241146,6.75124359,179165.75158656,0.00000000
8181.00000000,-4.23849344,-8.15195560,6.75079966,179165.75558767,0.00000000
8182.00000000,-4.23886299,-8.15160465,6.75035334,179165.75960719,0.00000000
8183.00000000,-4.23917294,-8.15120602,6.75002623,179165.76461137,0.00000000
8184.00000000,-4.23952103,-8.15067482,6.74973726,179165.76861096,0.00000000
8185.00000000,-4.23998928,-8.15027618,6.74937963,179165.77261207,0.00000000
8186.00000000,-4.24041510,-8.15006351,6.74908304,179165.77665755,0.00000000
8187.00000000,-4.24104977,-8.14995956,6.74870825,179165.78060010,0.00000000
8188.00000000,-4.24163580,-8.14982986,6.74844360,179165.78465585,0.00000000
8189.00000000,-4.24220514,-8.14972401,6.74813032,179165.78961173,0.00000000
8190.00000000,-4.24296331,-8.14963245,6.74787664,179165.79362370,0.00000000
8191.00000000,-4.24380207,-8.14953423,6.74777937,179165.79760791,0.00000000
8192.00000000,-4.24462938,-8.14962864,6.74759912,179165.80162200,0.00000000
8193.00000000,-4.24560595,-8.14964008,6.74738073,179165.80563427,0.00000000
8194.00000000,-4.24646616,-8.14960003,6.74722433,179165.80963357,0.00000000
8195.00000000,-4.24738884,-8.14955521,6.74703789,179165.81463503,0.00000000
8196.00000000,-4.24810219,-8.14951324,6.74685907,179165.81861018,0.00000000
8197.00000000,-4.24884701,-8.14947224,6.74661016,179165.82261914,0.00000000
8198.00000000,-4.24933767,-8.14938068,6.74647474,179165.82666100,0.00000000
8199.00000000,-4.24997711,-8.14920235,6.74626398,179165.83061320,0.00000000
8200.00000000,-4.25045586,-8.14900208,6.74607611,179165.83465053,0.00000000
8201.00000000,-4.25072241,-8.14872265,6.74594736,179165.83961457,0.00000000
8202.00000000,-4.25089359,-8.14832497,6.74578476,179165.84362262,0.00000000
8203.00000000,-4.25097990,-8.14791012,6.74560452,179165.84761467,0.00000000
8204.00000000,-4.25096607,-8.14747620,6.74537182,179165.85162121,0.00000000
8205.00000000,-4.25078154,-8.14702034,6.74513340,179165.85562926,0.00000000
8206.00000000,-4.25047350,-8.14658356,6.74492741,179165.85966539,0.00000000
8207.00000000,-4.25004148,-8.14608097,6.74475002,179165.86461161,0.00000000
8208.00000000,-4.24943542,-8.14557552,6.74452925,179165.86861000,0.00000000
8209.00000000,-4.24872875,-8.14505959,6.74431181,179165.87261564,0.00000000
8210.00000000,-4.24795151,-8.14464760,6.74410772,179165.87665961,0.00000000
8211.00000000,-4.24720287,-8.14441776,6.74393940,179165.88060397,0.00000000
8212.00000000,-4.24641752,-8.14428139,6.74387598,179165.88466514,0.00000000
8213.00000000,-4.24568844,-8.14433479,6.74381685,179165.88961680,0.00000000
8214.00000000,-4.24501944,-8.14451694,6.74375725,179165.89361851,0.00000000
8215.00000000,-4.24433374,-8.14475822,6.74379015,179165.89761630,0.00000000
8216.00000000,-4.24372864,-8.14496517,6.74388266,179165.90161620,0.00000000
8217.00000000,-4.24309874,-8.14524746,6.74392366,179165.90561731,0.00000000
8218.00000000,-4.24250126,-8.14551830,6.74394798,179165.90966038,0.00000000
8219.00000000,-4.24180460,-8.14570236,6.74406385,179165.91461535,0.00000000
8220.00000000,-4.24111319,-8.14598179,6.74408150,179165.91861676,0.00000000
8221.00000000,-4.24038792,-8.14623642,6.74412823,179165.92261576,0.00000000
8222.00000000,-4.23974276,-8.14640617,6.74413967,179165.92666426,0.00000000
8223.00000000,-4.23910522,-8.14650822,6.74419403,179165.93062944,0.00000000
8224.00000000,-4.23845148,-8.14656544,6.74419975,179165.93463176,0.00000000
8225.00000000,-4.23787880,-8.14657116,6.74418640,179165.93961722,0.00000000
8226.00000000,-4.23736334,-8.14641571,6.74422312,179165.94361954,0.00000000
8227.00000000,-4.23689556,-8.14632607,6.74420309,179165.94761823,0.00000000
8228.00000000,-4.23663759,-8.14620304,6.74426985,179165.95161934,0.00000000
8229.00000000,-4.23664951,-8.14613533,6.74423504,179165.95561924,0.00000000
8230.00000000,-4.23676872,-8.14600372,6.74426556,179165.95967861,0.00000000
8231.00000000,-4.23695755,-8.14588451,6.74422455,179165.96458257,0.00000000
8232.00000000,-4.23723030,-8.14571476,6.74416637,179165.96856285,0.00000000
8233.00000000,-4.23765469,-8.14551449,6.74407387,179165.97256275,0.00000000
8234.00000000,-4.23808670,-8.14530659,6.74394989,179165.97660521,0.00000000
8235.00000000,-4.23860455,-8.14506435,6.74377680,179165.98056587,0.00000000
8236.00000000,-4.23920393,-8.14480591,6.74355173,179165.98458056,0.00000000
8237.00000000,-4.23994207,-8.14450836,6.74326801,179165.98956240,0.00000000
8238.00000000,-4.24069118,-8.14425468,6.74291992,179165.99356381,0.00000000
8239.00000000,-4.24143696,-8.14401627,6.74255943,179165.99756462,0.00000000
8240.00000000,-4.24213982,-8.14381981,6.74214458,179166.00156241,0.00000000
8241.00000000,-4.24277639,-8.14357948,6.74175453,179166.00556291,0.00000000
8242.00000000,-4.24322939,-8.14334297,6.74129820,179166.00960055,0.00000000
8243.00000000,-4.24370050,-8.14304638,6.74086523,179166.01458269,0.00000000
8244.00000000,-4.24406624,-8.14290905,6.74040699,179166.01856599,0.00000000
8245.00000000,-4.24449873,-8.14281464,6.73998976,179166.02256408,0.00000000
8246.00000000,-4.24495029,-8.14277458,6.73959923,179166.02656428,0.00000000
8247.00000000,-4.24549007,-8.14280033,6.73926783,179166.03056599,0.00000000
8248.00000000,-4.24616861,-8.14292431,6.73889828,179166.03460815,0.00000000
8249.00000000,-4.24674845,-8.14311314,6.73863888,179166.03958154,0.00000000
8250.00000000,-4.24738359,-8.14329147,6.73846149,179166.04361435,0.00000000
8251.00000000,-4.24803400,-8.14352989,6.73821878,179166.04761908,0.00000000
8252.00000000,-4.24866772,-8.14371681,6.73809958,179166.05162833,0.00000000
8253.00000000,-4.24936008,-8.14381409,6.73805475,179166.05562009,0.00000000
8254.00000000,-4.25003242,-8.14392281,6.73801327,179166.05966345,0.00000000
8255.00000000,-4.25081730,-8.14399242,6.73793173,179166.06462356,0.00000000
8256.00000000,-4.25159359,-8.14398384,6.73789692,179166.06861984,0.00000000
8257.00000000,-4.25222921,-8.14400196,6.73785639,179166.07263936,0.00000000
8258.00000000,-4.25293970,-8.14393806,6.73772526,179166.07665768,0.00000000
8259.00000000,-4.25356722,-8.14380836,6.73747301,179166.08062015,0.00000000
8260.00000000,-4.25393057,-8.14355469,6.73724794,179166.08465476,0.00000000
8261.00000000,-4.25434732,-8.14316463,6.73689079,179166.08962060,0.00000000
8262.00000000,-4.25469971,-8.14268112,6.73657417,179166.09362231,0.00000000
8263.00000000,-4.25498533,-8.14227200,6.73610353,179166.09762101,0.00000000
8264.00000000,-4.25528240,-8.14184856,6.73567581,179166.10160733,0.00000000
8265.00000000,-4.25559950,-8.14140320,6.73527193,179166.10562323,0.00000000
8266.00000000,-4.25603294,-8.14083290,6.73479462,179166.10965090,0.00000000
8267.00000000,-4.25637007,-8.14023685,6.73429680,179166.11464481,0.00000000
8268.00000000,-4.25679445,-8.13952446,6.73375893,179166.11862207,0.00000000
8269.00000000,-4.25741577,-8.13862228,6.73308516,179166.12262228,0.00000000
8270.00000000,-4.25796890,-8.13772488,6.73239994,179166.12666232,0.00000000
8271.00000000,-4.25861740,-8.13676834,6.73160839,179166.13062178,0.00000000
8272.00000000,-4.25919390,-8.13572121,6.73084927,179166.13464069,0.00000000
8273.00000000,-4.25976324,-8.13476563,6.73006248,179166.13960593,0.00000000
8274.00000000,-4.26045561,-8.13393116,6.72931147,179166.14360704,0.00000000
8275.00000000,-4.26113081,-8.13311481,6.72861958,179166.14760543,0.00000000
8276.00000000,-4.26185656,-8.13233376,6.72791958,179166.15160533,0.00000000
8277.00000000,-4.26257753,-8.13144302,6.72735882,179166.15559105,0.00000000
8278.00000000,-4.26324368,-8.13056469,6.72681904,179166.15964287,0.00000000
8279.00000000,-4.26381159,-8.12969971,6.72630358,179166.16460992,0.00000000
8280.00000000,-4.26442862,-8.12880993,6.72582817,179166.16860620,0.00000000
8281.00000000,-4.26493168,-8.12798214,6.72535133,179166.17260610,0.00000000
8282.00000000,-4.26532269,-8.12705231,6.72499084,179166.17664433,0.00000000
8283.00000000,-4.26561165,-8.12609386,6.72458506,179166.18062673,0.00000000
8284.00000000,-4.26570702,-8.12516785,6.72425556,179166.18467100,0.00000000
8285.00000000,-4.26569939,-8.12437725,6.72403145,179166.18962537,0.00000000
8286.00000000,-4.26563406,-8.12369919,6.72395992,179166.19365274,0.00000000
8287.00000000,-4.26555634,-8.12318134,6.72381353,179166.19762487,0.00000000
8288.00000000,-4.26534319,-8.12273979,6.72373199,179166.20163594,0.00000000
8289.00000000,-4.26514435,-8.12236500,6.72367382,179166.20563645,0.00000000
8290.00000000,-4.26491261,-8.12208939,6.72370338,179166.20966563,0.00000000
8291.00000000,-4.26473761,-8.12191963,6.72367811,179166.21464686,0.00000000
8292.00000000,-4.26463127,-8.12178040,6.72363663,179166.21863680,0.00000000
8293.00000000,-4.26454449,-8.12160492,6.72359324,179166.22263399,0.00000000
8294.00000000,-4.26453590,-8.12142086,6.72350073,179166.22665321,0.00000000
8295.00000000,-4.26461458,-8.12119389,6.72341347,179166.23063832,0.00000000
8296.00000000,-4.26460886,-8.12097359,6.72331285,179166.23466780,0.00000000
8297.00000000,-4.26451492,-8.12075233,6.72320223,179166.23963817,0.00000000
8298.00000000,-4.26448679,-8.12052631,6.72308636,179166.24363445,0.00000000
8299.00000000,-4.26441860,-8.12026119,6.72302008,179166.24763405,0.00000000
8300.00000000,-4.26444483,-8.11994171,6.72296381,179166.25163516,0.00000000
8301.00000000,-4.26449537,-8.11957550,6.72291517,179166.25563506,0.00000000
8302.00000000,-4.26451588,-8.11928368,6.72285271,179166.25967209,0.00000000
8303.00000000,-4.26467228,-8.11891937,6.72281218,179166.26464065,0.00000000
8304.00000000,-4.26481438,-8.11853886,6.72272873,179166.26862847,0.00000000
8305.00000000,-4.26498413,-8.11806393,6.72262764,179166.27264015,0.00000000
8306.00000000,-4.26515102,-8.11767006,6.72260094,179166.27665816,0.00000000
8307.00000000,-4.26551723,-8.11740208,6.72251129,179166.28063633,0.00000000
8308.00000000,-4.26594210,-8.11714649,6.72253752,179166.28466551,0.00000000
8309.00000000,-4.26642799,-8.11700630,6.72248745,179166.28963618,0.00000000
8310.00000000,-4.26704311,-8.11680508,6.72243071,179166.29364634,0.00000000
8311.00000000,-4.26753378,-8.11666584,6.72242928,179166.29763628,0.00000000
8312.00000000,-4.26817703,-8.11651993,6.72229385,179166.30163739,0.00000000
8313.00000000,-4.26860619,-8.11644745,6.72219467,179166.30564152,0.00000000
8314.00000000,-4.26907539,-8.11641407,6.72198915,179166.30967734,0.00000000
8315.00000000,-4.26935196,-8.11648178,6.72179556,179166.31369022,0.00000000
8316.00000000,-4.26967049,-8.11660767,6.72161722,179166.31863554,0.00000000
8317.00000000,-4.26981163,-8.11686134,6.72152805,179166.32264117,0.00000000
8318.00000000,-4.26988888,-8.11722279,6.72145176,179166.32666069,0.00000000
8319.00000000,-4.26995802,-8.11757183,6.72149229,179166.33063071,0.00000000
8320.00000000,-4.27000856,-8.11798382,6.72156811,179166.33467197,0.00000000
8321.00000000,-4.27003050,-8.11836529,6.72175455,179166.33964324,0.00000000
8322.00000000,-4.27005911,-8.11879826,6.72191238,179166.34364314,0.00000000
8323.00000000,-4.27002859,-8.11927032,6.72216654,179166.34764365,0.00000000
8324.00000000,-4.26998806,-8.11971760,6.72246075,179166.35164083,0.00000000
8325.00000000,-4.26991606,-8.12012863,6.72275782,179166.35565311,0.00000000
8326.00000000,-4.26982689,-8.12045383,6.72303534,179166.35966508,0.00000000
8327.00000000,-4.26979160,-8.12063408,6.72326756,179166.36464813,0.00000000
8328.00000000,-4.26963091,-8.12072754,6.72347927,179166.36863173,0.00000000
8329.00000000,-4.26945448,-8.12076664,6.72358799,179166.37264371,0.00000000
8330.00000000,-4.26914120,-8.12061691,6.72369432,179166.37666323,0.00000000
8331.00000000,-4.26873922,-8.12029648,6.72375584,179166.38063989,0.00000000
8332.00000000,-4.26819420,-8.11996555,6.72380495,179166.38467088,0.00000000
8333.00000000,-4.26772022,-8.11962414,6.72381353,179166.38964216,0.00000000
8334.00000000,-4.26721048,-8.11925983,6.72381210,179166.39365987,0.00000000
8335.00000000,-4.26677036,-8.11888218,6.72379112,179166.39765826,0.00000000
8336.00000000,-4.26645470,-8.11869240,6.72370100,179166.40163220,0.00000000
8337.00000000,-4.26623106,-8.11868668,6.72364902,179166.40563331,0.00000000
8338.00000000,-4.26626062,-8.11879826,6.72350216,179166.40965464,0.00000000
8339.00000000,-4.26629114,-8.11900997,6.72343540,179166.41464342,0.00000000
8340.00000000,-4.26642990,-8.11929893,6.72336197,179166.41865208,0.00000000
8341.00000000,-4.26656818,-8.11967850,6.72330046,179166.42265530,0.00000000
8342.00000000,-4.26681709,-8.12011051,6.72323132,179166.42666365,0.00000000
8343.00000000,-4.26703262,-8.12064457,6.72317600,179166.43063729,0.00000000
8344.00000000,-4.26734066,-8.12132359,6.72312212,179166.43465802,0.00000000
8345.00000000,-4.26774597,-8.12228012,6.72309160,179166.43964620,0.00000000
8346.00000000,-4.26820898,-8.12314892,6.72310448,179166.44364580,0.00000000
8347.00000000,-4.26858044,-8.12405396,6.72312546,179166.44764721,0.00000000
8348.00000000,-4.26909399,-8.12490368,6.72317219,179166.45164741,0.00000000
8349.00000000,-4.26967907,-8.12563896,6.72323847,179166.45564731,0.00000000
8350.00000000,-4.27026320,-8.12625885,6.72328329,179166.45965748,0.00000000
8351.00000000,-4.27076292,-8.12664700,6.72331619,179166.46464626,0.00000000
8352.00000000,-4.27124453,-8.12671661,6.72335386,179166.46863711,0.00000000
8353.00000000,-4.27158976,-8.12664413,6.72338772,179166.47264455,0.00000000
8354.00000000,-4.27168369,-8.12658787,6.72332144,179166.47666377,0.00000000
8355.00000000,-4.27175856,-8.12633324,6.72337580,179166.48063741,0.00000000
8356.00000000,-4.27180576,-8.12615776,6.72336960,179166.48664738,0.00000000
8357.00000000,-4.27206850,-8.12557507,6.72339296,179166.48865653,0.00000000
8358.00000000,-4.27215910,-8.12525654,6.72332478,179166.49366856,0.00000000
8359.00000000,-4.27220821,-8.12496471,6.72329521,179166.49766303,0.00000000
8360.00000000,-4.27226591,-8.12468338,6.72331524,179166.50166534,0.00000000
8361.00000000,-4.27234602,-8.12439346,6.72329950,179166.50567490,0.00000000
8362.00000000,-4.27244139,-8.12402058,6.72324276,179166.50966213,0.00000000
8363.00000000,-4.27250957,-8.12355137,6.72315216,179166.51369734,0.00000000
8364.00000000,-4.27247953,-8.12311649,6.72307777,179166.51864628,0.00000000
8365.00000000,-4.27251911,-8.12269592,6.72292328,179166.52265946,0.00000000
8366.00000000,-4.27239180,-8.12234592,6.72283697,179166.52664729,0.00000000
8367.00000000,-4.27218151,-8.12193966,6.72280407,179166.53063904,0.00000000
8368.00000000,-4.27195215,-8.12150955,6.72274685,179166.53466309,0.00000000
8369.00000000,-4.27163839,-8.12124252,6.72276449,179166.53964614,0.00000000
8370.00000000,-4.27140379,-8.12105370,6.72275352,179166.54364664,0.00000000
8371.00000000,-4.27111578,-8.12091064,6.72281742,179166.54764262,6.00000000
8372.00000000,-4.27078104,-8.12078476,6.72299290,179166.55165641,0.00000000
8373.00000000,-4.27046013,-8.12079430,6.72310734,179166.55564876,0.00000000
8374.00000000,-4.27010822,-8.12085724,6.72333384,179166.55966496,0.00000000
8375.00000000,-4.26981068,-8.12094402,6.72362804,179166.56466582,0.00000000
8376.00000000,-4.26954412,-8.12113762,6.72390318,179166.56865244,0.00000000
8377.00000000,-4.26926661,-8.12141514,6.72425938,179166.57265023,0.00000000
8378.00000000,-4.26896095,-8.12183189,6.72468615,179166.57666613,0.00000000
